"age","vote_biden","n","prop","biden_predict","biden_lower","biden_upper"
"18-29",1,49,0.395161290322581,0.428265491903379,0.30969916722018,0.546831816586578
"30-44",1,69,0.408284023668639,0.410097496766501,0.296611595016476,0.523583398516527
"45-59",1,77,0.401041666666667,0.382790069171705,0.271513799034551,0.494066339308859
"60+",1,161,0.516025641025641,0.494429504122624,0.376152787645261,0.612706220599987
