"vote_biden","n","prop"
0,251,0.292540792540793
1,607,0.707459207459207
