"vote_biden","n","prop"
0,441,0.553324968632371
1,356,0.446675031367629
