"sex","vote_biden","n","prop","biden_predict","biden_lower","biden_upper"
"female",1,180,0.467532467532468,0.46396775064571,0.346825068012089,0.58111043327933
"male",1,176,0.427184466019417,0.410604471465842,0.296576417498843,0.524632525432841
